{"metadata": {"type": "Geometry", "normals": 90, "uvs": 0, "materials": 1, "vertices": 90, "version": 3, "generator": "io_three", "colors": 0, "faces": 92}, "materials": [{"DbgName": "wire_088144225", "colorSpecular": [0.5, 0.5, 0.5], "colorAmbient": [0.64, 0.64, 0.64], "colorDiffuse": [0.64, 0.64, 0.64], "wireframe": false, "specularCoef": 50, "transparent": false, "depthTest": true, "blending": "NormalBlending", "colorEmissive": [0, 0, 0], "depthWrite": true, "DbgIndex": 0, "DbgColor": 15658734, "vertexColors": false, "opacity": 1, "shading": "phong", "visible": true}], "normals": [0.578082, -0.780023, -0.239448, 0.903806, -0.427931, 0, 0.578082, -0.780023, 0.239448, 0, -1, 0, 0.904233, -0.38728, -0.179846, 0.885006, 0.430982, -0.176031, 0.877621, 0.479293, 0, 0.4579, 0.868526, -0.189642, 0.81344, 0.474044, -0.336924, 0.300729, 0.953703, 0, 0.4579, 0.868526, 0.189642, 0.239448, -0.780023, -0.578082, 0.639088, -0.427931, -0.639088, 0.766564, -0.38728, -0.512192, 0.750267, 0.430982, -0.501297, 0.834864, -0.428205, -0.345805, 0.620563, 0.479293, -0.620563, 0.212622, 0.953703, -0.212622, 0, 1, 0, 0.212622, 0.953703, 0.212622, 0.512192, -0.38728, -0.766564, 0.501297, 0.430982, -0.750267, 0.189642, 0.868526, -0.4579, 0.336924, 0.474044, -0.81344, -0.239448, -0.780023, -0.578082, 0, -0.427931, -0.903806, 0.179846, -0.38728, -0.904233, 0.176031, 0.430982, -0.885006, 0.345805, -0.428205, -0.834864, 0, 0.479293, -0.877621, 0, 0.953703, -0.300729, -0.212622, 0.953703, -0.212622, -0.179846, -0.38728, -0.904233, -0.176031, 0.430982, -0.885006, -0.189642, 0.868526, -0.4579, -0.336924, 0.474044, -0.81344, -0.578082, -0.780023, -0.239448, -0.639088, -0.427931, -0.639088, -0.512192, -0.38728, -0.766564, -0.501297, 0.430982, -0.750267, -0.345805, -0.428205, -0.834864, -0.620563, 0.479293, -0.620563, -0.766564, -0.38728, -0.512192, -0.750267, 0.430982, -0.501297, -0.4579, 0.868526, -0.189642, -0.81344, 0.474044, -0.336924, -0.578082, -0.780023, 0.239448, -0.903806, -0.427931, 0, -0.904233, -0.38728, -0.179846, -0.885006, 0.430982, -0.176031, -0.834864, -0.428205, -0.345805, -0.877621, 0.479293, 0, -0.300729, 0.953703, 0, -0.212622, 0.953703, 0.212622, -0.904233, -0.38728, 0.179846, -0.885006, 0.430982, 0.176031, -0.4579, 0.868526, 0.189642, -0.81344, 0.474044, 0.336924, -0.239448, -0.780023, 0.578082, -0.639088, -0.427931, 0.639088, -0.766564, -0.38728, 0.512192, -0.750267, 0.430982, 0.501297, -0.834864, -0.428205, 0.345805, -0.620563, 0.479293, 0.620563, -0.512192, -0.38728, 0.766564, -0.501297, 0.430982, 0.750267, -0.189642, 0.868526, 0.4579, -0.336924, 0.474044, 0.81344, 0.239448, -0.780023, 0.578082, 0, -0.427931, 0.903806, -0.179846, -0.38728, 0.904233, -0.176031, 0.430982, 0.885006, -0.345805, -0.428205, 0.834864, 0, 0.479293, 0.877621, 0, 0.953703, 0.300729, 0.179846, -0.38728, 0.904233, 0.176031, 0.430982, 0.885006, 0.189642, 0.868526, 0.4579, 0.336924, 0.474044, 0.81344, 0.639088, -0.427931, 0.639088, 0.512192, -0.38728, 0.766564, 0.501297, 0.430982, 0.750267, 0.345805, -0.428205, 0.834864, 0.620563, 0.479293, 0.620563, 0.766564, -0.38728, 0.512192, 0.750267, 0.430982, 0.501297, 0.81344, 0.474044, 0.336924, 0.904233, -0.38728, 0.179846, 0.885006, 0.430982, 0.176031, 0.834864, -0.428205, 0.345805], "name": "Diamond_Round_CutGeometry", "vertices": [0.860602, -0.720869, -0.356473, 2.54952, 0.653986, 0, 0.860602, -0.720869, 0.356473, 1e-06, -1.53704, -0, 2.50062, 0.6968, -0.497405, 2.50062, 0.764629, -0.497405, 2.54952, 0.807443, 0, 1.62637, 1.33933, -0.673666, 2.35545, 0.807443, -0.97566, 1.40709, 1.53703, 0, 1.62637, 1.33933, 0.673667, 0.356474, -0.720869, -0.860602, 1.80279, 0.653985, -1.80278, 2.11992, 0.6968, -1.41649, 2.11992, 0.764629, -1.41649, 2.35545, 0.653985, -0.97566, 1.80279, 0.807443, -1.80278, 0.994964, 1.53703, -0.994963, 1e-06, 1.53703, 0, 0.994964, 1.53703, 0.994963, 1.41649, 0.6968, -2.11992, 1.41649, 0.76463, -2.11992, 0.673667, 1.33933, -1.62637, 0.975661, 0.807443, -2.35545, -0.356472, -0.720869, -0.860602, 1e-06, 0.653985, -2.54952, 0.497405, 0.6968, -2.50062, 0.497405, 0.76463, -2.50062, 0.975661, 0.653985, -2.35545, 1e-06, 0.807443, -2.54952, 1e-06, 1.53703, -1.40709, -0.994962, 1.53703, -0.994964, -0.497404, 0.6968, -2.50062, -0.497404, 0.76463, -2.50062, -0.673666, 1.33933, -1.62637, -0.975659, 0.807443, -2.35545, -0.860601, -0.720869, -0.356473, -1.80278, 0.653985, -1.80279, -1.41649, 0.6968, -2.11992, -1.41649, 0.76463, -2.11992, -0.975659, 0.653985, -2.35545, -1.80278, 0.807443, -1.80279, -2.11992, 0.696801, -1.41649, -2.11992, 0.76463, -1.41649, -1.62637, 1.33933, -0.673666, -2.35545, 0.807443, -0.97566, -0.8606, -0.720869, 0.356472, -2.54952, 0.653986, 0, -2.50062, 0.696801, -0.497404, -2.50062, 0.76463, -0.497404, -2.35545, 0.653986, -0.97566, -2.54952, 0.807443, 0, -1.40709, 1.53703, 0, -0.994962, 1.53703, 0.994963, -2.50062, 0.696801, 0.497404, -2.50062, 0.76463, 0.497404, -1.62637, 1.33933, 0.673666, -2.35545, 0.807444, 0.97566, -0.356472, -0.720869, 0.860601, -1.80278, 0.653986, 1.80278, -2.11992, 0.696801, 1.41649, -2.11992, 0.76463, 1.41649, -2.35545, 0.653986, 0.97566, -1.80278, 0.807444, 1.80278, -1.41649, 0.6968, 2.11992, -1.41649, 0.76463, 2.11992, -0.673665, 1.33933, 1.62637, -0.975658, 0.807444, 2.35545, 0.356474, -0.720869, 0.860601, 1e-06, 0.653986, 2.54952, -0.497403, 0.6968, 2.50062, -0.497403, 0.76463, 2.50062, -0.975658, 0.653986, 2.35545, 1e-06, 0.807444, 2.54952, 1e-06, 1.53703, 1.40709, 0.497405, 0.6968, 2.50062, 0.497405, 0.76463, 2.50062, 0.673667, 1.33933, 1.62637, 0.975661, 0.807444, 2.35545, 1.80279, 0.653986, 1.80278, 1.41649, 0.6968, 2.11992, 1.41649, 0.76463, 2.11992, 0.975661, 0.653986, 2.35545, 1.80279, 0.807444, 1.80278, 2.11992, 0.6968, 1.41649, 2.11992, 0.764629, 1.41649, 2.35545, 0.807443, 0.97566, 2.50062, 0.6968, 0.497404, 2.50062, 0.764629, 0.497405, 2.35545, 0.653986, 0.97566], "skinWeights": [], "skinIndices": [],